sex_recorded_in_1997,jobs_held_in_2002,household_size_in_1997,raised_in_urban_or_rural_area,homeless_for_2+_nights_over_last_5_years,any_adult_household_member_jailed_in_last_5_years,recieved_food_stamps_in_2002,victim_of_violent_crime_in_last_5_years,i_often_prey_to_god_for_help,god_has_nothing_to_do_with_me_personally,how_much_time_in_last_month_when_nothing_cheers_you_up,used_marijuana_in_last_4_years,used_cocaine_or_other_hard_drug_in_last_4_years,used_any_drug_in_last_4_years,ever_arrested_in_last_5_years,number_of_arrests_in_last_5_years,target,ever_convicted_in_last_5_years,weight_in_lbs,short_text_summary,long_text_summary,age,height_total_inches,marriage_encoded,degree_encoded,enrollment_encoded,parent_encoded,race_encoded,cluster_id,diff_level
0.6265021396343907,-1.2391185935682083,-0.3486630917200824,-1.5369072007480595,-0.2178938842811373,-0.384665412631285,-0.3251407742824914,2.6414770735222186,-1.4936938379281517,1.596163742686613,-1.7213508772589663,0.6495796146201872,-0.6772574738977882,0.6155536126122566,0.0,-0.5608931482986333,-0.6210251425459281,0.9249072120240708,-0.3660902386189951,-1.442350968800848,-1.5129633180212625,-1.434271964021381,-0.3779284643230959,0.3689965496923255,1.019965673688196,0.2078900001611369,-0.8677950686030905,0.9957667871993072,5,5
0.6265021396343907,-0.4813726195022448,-0.988029696276909,0.7668220640675032,-0.2178938842811373,-0.384665412631285,-0.3251407742824914,2.6414770735222186,0.6694812381277973,-0.6265021396343906,1.149939658700467,0.6495796146201872,1.4765433214708537,0.6155536126122566,0.0,1.542083817706864,1.6102407640058545,0.9249072120240708,-0.7853727376159301,0.2811930836472979,1.3785232227069593,1.4537023863503695,-0.143157240555295,0.3689965496923255,1.019965673688196,0.714868722488469,-0.9764318285456152,-0.4251758136348733,5,5
0.6265021396343907,1.034119328629683,-0.3486630917200824,0.7668220640675032,-0.2178938842811373,-0.384665412631285,-0.3251407742824914,2.6414770735222186,0.6694812381277973,1.596163742686613,-0.2857056092792496,0.6495796146201872,-0.6772574738977882,0.6155536126122566,0.0,-0.5608931482986333,-0.6210251425459281,-1.081189536636433,-0.1704250724204255,0.1998659831106971,0.2950010009100322,0.0097152111644942,0.0916139832125058,0.3689965496923255,2.0628270286829338,2.235804889470465,-0.9764318285456152,-1.1356471140519635,5,5
0.6265021396343907,-1.2391185935682083,0.290703512836744,0.7668220640675032,-0.2178938842811373,-0.384665412631285,-0.3251407742824914,2.6414770735222186,0.6694812381277973,1.596163742686613,-0.2857056092792496,0.6495796146201872,1.4765433214708537,0.6155536126122566,0.0,2.383274604109063,-0.6210251425459281,0.9249072120240708,-0.7853727376159301,-0.4612249609394768,0.6080010815397812,-1.434271964021381,-0.3779284643230959,0.3689965496923255,-1.0657570363012792,-0.8060674444935272,-0.9764318285456152,-0.4251758136348733,5,5
-1.596163742686613,1.034119328629683,-0.988029696276909,-1.5369072007480595,-0.2178938842811373,-0.384665412631285,-0.3251407742824914,2.6414770735222186,-1.4936938379281517,1.596163742686613,1.149939658700467,0.6495796146201872,1.4765433214708537,0.6155536126122566,0.0,-0.5608931482986333,-0.6210251425459281,0.9249072120240708,-1.0648944036138863,-1.415013608088049,0.1536584567020076,0.0097152111644942,-0.8474709118586976,0.3689965496923255,-1.0657570363012792,0.714868722488469,-0.8677950686030905,0.9957667871993072,5,5
0.6265021396343907,0.2763733545637191,0.290703512836744,0.7668220640675032,-0.2178938842811373,-0.384665412631285,-0.3251407742824914,2.6414770735222186,0.6694812381277973,-0.6265021396343906,1.149939658700467,0.6495796146201872,-0.6772574738977882,0.6155536126122566,0.0,2.8038699973101626,-0.6210251425459281,0.9249072120240708,0.3327139263758963,0.510941553739528,-1.3374589064534776,1.4537023863503695,1.0306988782837094,0.3689965496923255,-0.0228956813065416,1.221847444815801,-0.9764318285456152,-0.4251758136348733,5,5
0.6265021396343907,1.791865302695647,-1.6273963008337355,0.7668220640675032,-0.2178938842811373,-0.384665412631285,-0.3251407742824914,2.6414770735222186,-1.4936938379281517,1.596163742686613,-0.2857056092792496,-1.5394571773695604,-0.6772574738977882,-1.6245538642137904,0.0,-0.1402977550975339,-0.6210251425459281,-1.081189536636433,0.5004269259746703,1.3540996645197532,-1.5932161128600897,-0.7122783764284435,-0.3779284643230959,-0.2795663557408207,1.019965673688196,0.714868722488469,-0.8677950686030905,-1.1356471140519635,5,5
0.6265021396343907,-0.4813726195022448,-0.3486630917200824,0.7668220640675032,-0.2178938842811373,-0.384665412631285,-0.3251407742824914,2.6414770735222186,-1.4936938379281517,-0.6265021396343906,-0.2857056092792496,0.6495796146201872,1.4765433214708537,0.6155536126122566,0.0,3.224465390511262,-0.6210251425459281,0.9249072120240708,-0.3660902386189951,0.1404559078015771,1.0764892254303575,-0.7122783764284435,0.7959276545159084,0.3689965496923255,-1.0657570363012792,-0.8060674444935272,-0.8677950686030905,0.9957667871993072,5,5
0.6265021396343907,-1.2391185935682083,0.9300701173935708,0.7668220640675032,-0.2178938842811373,-0.384665412631285,-0.3251407742824914,2.6414770735222186,0.6694812381277973,-0.6265021396343906,1.149939658700467,-1.5394571773695604,-0.6772574738977882,-1.6245538642137904,0.0,-0.5608931482986333,-0.6210251425459281,-1.081189536636433,-2.7560004829015243,0.292932898200543,-0.7453722409200257,-0.7122783764284435,1.2654701020515102,0.3689965496923255,1.019965673688196,1.221847444815801,-0.9764318285456152,0.9957667871993072,5,5
0.6265021396343907,-1.2391185935682083,2.208803326507224,-1.5369072007480595,-0.2178938842811373,-0.384665412631285,-0.3251407742824914,2.6414770735222186,-1.4936938379281517,-0.6265021396343906,-0.2857056092792496,0.6495796146201872,-0.6772574738977882,0.6155536126122566,0.0,2.8038699973101626,-0.6210251425459281,0.9249072120240708,0.3327139263758963,-1.0218855465871897,1.2245364513585448,-0.7122783764284435,0.0916139832125058,0.3689965496923255,-1.0657570363012792,-0.8060674444935272,-0.2043257720065126,-2.556589714886144,5,5
0.6265021396343907,-1.2391185935682083,0.290703512836744,0.7668220640675032,-0.2178938842811373,-0.384665412631285,-0.3251407742824914,2.6414770735222186,-1.4936938379281517,-0.6265021396343906,-1.7213508772589663,0.6495796146201872,-0.6772574738977882,0.6155536126122566,0.0,-0.1402977550975339,-0.6210251425459281,-1.081189536636433,0.528379092574466,0.7730639575993492,0.9976517861896766,0.7317087987574319,-0.6126996880908967,-0.2795663557408207,-0.0228956813065416,2.235804889470465,-0.9764318285456152,-1.8461184144690537,5,5
0.6265021396343907,-0.4813726195022448,-0.3486630917200824,0.7668220640675032,-0.2178938842811373,-0.384665412631285,-0.3251407742824914,2.6414770735222186,0.6694812381277973,-0.6265021396343906,1.149939658700467,0.6495796146201872,1.4765433214708537,0.6155536126122566,0.0,1.1214884245057646,-0.6210251425459281,0.9249072120240708,1.171278924369766,-0.6545096915656385,0.5513660015377644,0.7317087987574319,0.0916139832125058,0.3689965496923255,1.019965673688196,0.2078900001611369,-0.9764318285456152,0.9957667871993072,5,5
0.6265021396343907,-1.2391185935682083,-0.3486630917200824,0.7668220640675032,-0.2178938842811373,-0.384665412631285,-0.3251407742824914,2.6414770735222186,0.6694812381277973,-0.6265021396343906,-0.2857056092792496,0.6495796146201872,1.4765433214708537,0.6155536126122566,0.0,0.2802976381035655,-0.6210251425459281,0.9249072120240708,-0.3381380720191995,-1.1080732596095808,-0.6772355801448384,0.0097152111644942,-0.143157240555295,0.3689965496923255,-1.0657570363012792,-0.8060674444935272,0.395469097646446,-1.1356471140519635,5,5
0.6265021396343907,1.034119328629683,-0.3486630917200824,0.7668220640675032,-0.2178938842811373,-0.384665412631285,-0.3251407742824914,2.6414770735222186,-1.4936938379281517,1.596163742686613,-0.2857056092792496,0.6495796146201872,1.4765433214708537,0.6155536126122566,0.0,-0.1402977550975339,-0.6210251425459281,-1.081189536636433,1.3110397573687445,1.0387882344475126,1.228243830581009,0.0097152111644942,1.2654701020515102,0.3689965496923255,1.019965673688196,2.235804889470465,-0.9764318285456152,0.9957667871993072,5,5
-1.596163742686613,-1.2391185935682083,-0.3486630917200824,0.7668220640675032,-0.2178938842811373,-0.384665412631285,-0.3251407742824914,2.6414770735222186,0.6694812381277973,1.596163742686613,1.149939658700467,-1.5394571773695604,-0.6772574738977882,-1.6245538642137904,0.0,-0.1402977550975339,-0.6210251425459281,-1.081189536636433,-1.6239377356098,-1.2758680050049156,-1.3483083132621545,0.7317087987574319,-1.0822421356264984,0.3689965496923255,1.019965673688196,0.2078900001611369,-0.8677950686030905,0.9957667871993072,5,5
0.6265021396343907,-0.4813726195022448,-0.3486630917200824,0.7668220640675032,-0.2178938842811373,-0.384665412631285,-0.3251407742824914,2.6414770735222186,-1.4936938379281517,-0.6265021396343906,-0.2857056092792496,0.6495796146201872,1.4765433214708537,0.6155536126122566,0.0,3.224465390511262,1.6102407640058545,0.9249072120240708,0.7519964253728313,-1.036776417132878,0.5545005003153721,-1.434271964021381,1.0306988782837094,0.3689965496923255,-0.0228956813065416,-0.2990887221661951,-0.9764318285456152,0.9957667871993072,5,5
0.6265021396343907,0.2763733545637191,1.5694367219503973,0.7668220640675032,-0.2178938842811373,-0.384665412631285,-0.3251407742824914,2.6414770735222186,0.6694812381277973,-0.6265021396343906,1.149939658700467,0.6495796146201872,1.4765433214708537,0.6155536126122566,0.0,2.383274604109063,-0.6210251425459281,0.9249072120240708,-0.3940424052187908,-0.0261948146319644,-1.428153904948572,0.0097152111644942,-0.3779284643230959,0.3689965496923255,-1.0657570363012792,-0.8060674444935272,0.395469097646446,-1.1356471140519635,5,5
0.6265021396343907,1.034119328629683,-0.3486630917200824,0.7668220640675032,-0.2178938842811373,-0.384665412631285,-0.3251407742824914,2.6414770735222186,0.6694812381277973,-0.6265021396343906,-0.2857056092792496,0.6495796146201872,-0.6772574738977882,0.6155536126122566,0.0,0.2802976381035655,1.6102407640058545,-1.081189536636433,-0.2263294056200168,0.9143220430762596,-0.8270212097650498,-1.434271964021381,-0.143157240555295,-0.2795663557408207,-0.0228956813065416,0.714868722488469,0.395469097646446,-1.1356471140519635,5,5
0.6265021396343907,0.2763733545637191,-0.3486630917200824,-1.5369072007480595,-0.2178938842811373,-0.384665412631285,-0.3251407742824914,2.6414770735222186,-1.4936938379281517,1.596163742686613,1.149939658700467,0.6495796146201872,1.4765433214708537,0.6155536126122566,0.0,-0.5608931482986333,1.6102407640058545,0.9249072120240708,-0.1704250724204255,0.7405916330528057,0.1258522713296077,1.4537023863503695,0.3263852069803067,-0.2795663557408207,1.019965673688196,0.714868722488469,-0.9764318285456152,0.9957667871993072,5,5
0.6265021396343907,1.034119328629683,0.290703512836744,0.7668220640675032,-0.2178938842811373,-0.384665412631285,-0.3251407742824914,2.6414770735222186,-1.4936938379281517,-0.6265021396343906,1.149939658700467,0.6495796146201872,1.4765433214708537,0.6155536126122566,0.0,0.700893031304665,1.6102407640058545,0.9249072120240708,-0.0865685726210385,0.5023988887922469,0.453059253798419,0.7317087987574319,-0.3779284643230959,0.3689965496923255,1.019965673688196,2.235804889470465,-0.9764318285456152,0.9957667871993072,5,5
0.6265021396343907,0.2763733545637191,0.290703512836744,0.7668220640675032,-0.2178938842811373,-0.384665412631285,-0.3251407742824914,2.6414770735222186,0.6694812381277973,-0.6265021396343906,1.149939658700467,0.6495796146201872,1.4765433214708537,0.6155536126122566,0.0,0.700893031304665,1.6102407640058545,0.9249072120240708,-0.7853727376159301,1.4476664493412723,-1.555508117714291,-0.7122783764284435,-0.6126996880908967,0.3689965496923255,-1.0657570363012792,-0.8060674444935272,0.395469097646446,0.9957667871993072,5,5
0.6265021396343907,-0.4813726195022448,-0.988029696276909,-1.5369072007480595,-0.2178938842811373,-0.384665412631285,-0.3251407742824914,2.6414770735222186,0.6694812381277973,-0.6265021396343906,1.149939658700467,-1.5394571773695604,-0.6772574738977882,-1.6245538642137904,0.0,-0.1402977550975339,-0.6210251425459281,-1.081189536636433,0.0531922603779397,-0.2760778886853648,1.1846869467482557,-0.7122783764284435,1.0306988782837094,0.3689965496923255,-1.0657570363012792,-0.8060674444935272,-0.2043257720065126,0.9957667871993072,5,5
-1.596163742686613,1.791865302695647,0.290703512836744,0.7668220640675032,-0.2178938842811373,-0.384665412631285,-0.3251407742824914,2.6414770735222186,-1.4936938379281517,-0.6265021396343906,-0.2857056092792496,0.6495796146201872,1.4765433214708537,0.6155536126122566,0.0,0.700893031304665,-0.6210251425459281,0.9249072120240708,-1.6239377356098,-0.191379758276956,0.3039606951998576,-0.7122783764284435,-1.5517845831621,-0.2795663557408207,1.019965673688196,1.221847444815801,0.395469097646446,0.9957667871993072,5,5
0.6265021396343907,1.034119328629683,-0.3486630917200824,0.7668220640675032,-0.2178938842811373,-0.384665412631285,-0.3251407742824914,2.6414770735222186,-1.4936938379281517,-0.6265021396343906,-0.2857056092792496,-1.5394571773695604,-0.6772574738977882,-1.6245538642137904,0.0,2.383274604109063,-0.6210251425459281,0.9249072120240708,0.69609209217324,-0.9587986851927344,-0.9779821260950128,-0.7122783764284435,1.2654701020515102,-0.2795663557408207,-1.0657570363012792,-0.8060674444935272,0.395469097646446,0.9957667871993072,5,5
-1.596163742686613,-0.4813726195022448,-0.988029696276909,-1.5369072007480595,-0.2178938842811373,-0.384665412631285,-0.3251407742824914,2.6414770735222186,0.6694812381277973,-0.6265021396343906,1.149939658700467,-1.5394571773695604,-0.6772574738977882,-1.6245538642137904,0.0,-0.5608931482986333,-0.6210251425459281,-1.081189536636433,-1.5680334024102085,-0.2147237108641412,1.1958749203643246,0.0097152111644942,-1.786555806929901,0.3689965496923255,-1.0657570363012792,-0.8060674444935272,-0.2043257720065126,-0.4251758136348733,5,5
0.6265021396343907,1.034119328629683,-0.3486630917200824,-0.3850425683402782,-0.2178938842811373,-0.384665412631285,-0.3251407742824914,2.6414770735222186,0.6694812381277973,-0.6265021396343906,-0.2857056092792496,0.6495796146201872,-0.6772574738977882,0.6155536126122566,0.0,-0.5608931482986333,1.6102407640058545,-1.081189536636433,-0.0865685726210385,0.0322114204765375,1.0249181981735518,-1.434271964021381,2.908868668426116,0.3689965496923255,-1.0657570363012792,-0.8060674444935272,0.395469097646446,0.9957667871993072,5,5
0.6265021396343907,2.549611276761611,-0.988029696276909,0.7668220640675032,-0.2178938842811373,-0.384665412631285,-0.3251407742824914,2.6414770735222186,0.6694812381277973,-0.6265021396343906,-0.2857056092792496,-1.5394571773695604,-0.6772574738977882,-1.6245538642137904,0.0,-0.5608931482986333,-0.6210251425459281,-1.081189536636433,1.171278924369766,0.292932898200543,-1.2856705088830107,-0.7122783764284435,0.7959276545159084,0.3689965496923255,1.019965673688196,0.714868722488469,0.395469097646446,0.9957667871993072,5,5
-1.596163742686613,1.034119328629683,0.290703512836744,0.7668220640675032,-0.2178938842811373,-0.384665412631285,-0.3251407742824914,2.6414770735222186,0.6694812381277973,-0.6265021396343906,1.149939658700467,0.6495796146201872,-0.6772574738977882,0.6155536126122566,0.0,-0.5608931482986333,-0.6210251425459281,0.9249072120240708,-0.9251335706149084,-0.8025031182060373,-1.5224990330891497,0.7317087987574319,-1.3170133593942992,0.3689965496923255,1.019965673688196,0.2078900001611369,0.395469097646446,0.9957667871993072,5,5
0.6265021396343907,-0.4813726195022448,0.290703512836744,0.7668220640675032,-0.2178938842811373,-0.384665412631285,-0.3251407742824914,2.6414770735222186,-1.4936938379281517,1.596163742686613,-0.2857056092792496,0.6495796146201872,1.4765433214708537,0.6155536126122566,0.0,-0.1402977550975339,-0.6210251425459281,0.9249072120240708,-0.6456119046169517,-1.3803704215029755,-0.2142046954255512,1.4537023863503695,-0.6126996880908967,0.3689965496923255,1.019965673688196,0.2078900001611369,-0.1566988558977039,0.9957667871993072,5,5
0.6265021396343907,0.2763733545637191,0.9300701173935708,0.7668220640675032,-0.2178938842811373,-0.384665412631285,-0.3251407742824914,2.6414770735222186,0.6694812381277973,-0.6265021396343906,-0.2857056092792496,0.6495796146201872,-0.6772574738977882,0.6155536126122566,0.0,-0.5608931482986333,-0.6210251425459281,-1.081189536636433,0.3886182595754877,-1.5661018037507943,-1.082196850824461,-0.7122783764284435,-0.6126996880908967,0.3689965496923255,-1.0657570363012792,-0.8060674444935272,-0.1566988558977039,-1.1356471140519635,5,5
0.6265021396343907,-1.2391185935682083,-0.988029696276909,0.7668220640675032,-0.2178938842811373,2.599661854596047,-0.3251407742824914,2.6414770735222186,0.6694812381277973,-0.6265021396343906,-0.2857056092792496,0.6495796146201872,-0.6772574738977882,0.6155536126122566,0.0,0.2802976381035655,1.6102407640058545,0.9249072120240708,-0.2263294056200168,1.239564883284452,1.3838543157864474,0.7317087987574319,-0.3779284643230959,0.3689965496923255,-0.0228956813065416,-0.2990887221661951,-0.8677950686030905,-1.1356471140519635,5,5
-1.596163742686613,5.580595173025467,0.290703512836744,-0.3850425683402782,-0.2178938842811373,-0.384665412631285,-0.3251407742824914,2.6414770735222186,0.6694812381277973,-0.6265021396343906,1.149939658700467,0.6495796146201872,1.4765433214708537,0.6155536126122566,0.0,-0.5608931482986333,-0.6210251425459281,-1.081189536636433,0.3327139263758963,-0.7335528517083059,-0.0594128759636679,0.0097152111644942,-2.021327030697702,0.3689965496923255,1.019965673688196,0.714868722488469,-0.9764318285456152,0.9957667871993072,5,5
0.6265021396343907,-0.4813726195022448,-0.3486630917200824,0.7668220640675032,-0.2178938842811373,-0.384665412631285,-0.3251407742824914,2.6414770735222186,-1.4936938379281517,1.596163742686613,-1.7213508772589663,-1.5394571773695604,-0.6772574738977882,-1.6245538642137904,0.0,-0.5608931482986333,-0.6210251425459281,-1.081189536636433,-0.1704250724204255,0.292932898200543,-0.8656513558003028,-0.7122783764284435,1.5002413258193112,0.3689965496923255,1.019965673688196,0.2078900001611369,-0.9764318285456152,0.9957667871993072,5,5
0.6265021396343907,1.791865302695647,0.290703512836744,0.7668220640675032,-0.2178938842811373,-0.384665412631285,-0.3251407742824914,2.6414770735222186,0.6694812381277973,-0.6265021396343906,-0.2857056092792496,0.6495796146201872,-0.6772574738977882,0.6155536126122566,0.0,-0.5608931482986333,1.6102407640058545,-1.081189536636433,-0.1704250724204255,0.292932898200543,-0.6804457600928693,-0.7122783764284435,0.7959276545159084,0.3689965496923255,1.019965673688196,0.2078900001611369,-0.9764318285456152,0.9957667871993072,5,5
-1.596163742686613,1.034119328629683,-0.3486630917200824,0.7668220640675032,-0.2178938842811373,2.599661854596047,-0.3251407742824914,2.6414770735222186,-1.4936938379281517,-0.6265021396343906,-1.7213508772589663,0.6495796146201872,-0.6772574738977882,0.6155536126122566,0.0,-0.5608931482986333,1.6102407640058545,0.9249072120240708,-0.6456119046169517,1.3626582016214868,1.098798552613524,1.4537023863503695,-1.5517845831621,0.3689965496923255,-0.0228956813065416,-0.2990887221661951,-0.1566988558977039,0.9957667871993072,5,5
0.6265021396343907,0.2763733545637191,0.290703512836744,0.7668220640675032,-0.2178938842811373,-0.384665412631285,-0.3251407742824914,2.6414770735222186,-1.4936938379281517,-0.6265021396343906,-0.2857056092792496,-1.5394571773695604,-0.6772574738977882,-1.6245538642137904,0.0,-0.5608931482986333,-0.6210251425459281,-1.081189536636433,2.49900683786006,0.1998659831106971,0.9083798501604988,0.0097152111644942,2.6740974446583152,0.3689965496923255,1.019965673688196,0.2078900001611369,0.395469097646446,-1.1356471140519635,5,5
0.6265021396343907,-0.4813726195022448,-0.988029696276909,0.7668220640675032,-0.2178938842811373,-0.384665412631285,-0.3251407742824914,2.6414770735222186,0.6694812381277973,-0.6265021396343906,-1.7213508772589663,0.6495796146201872,-0.6772574738977882,0.6155536126122566,0.0,0.700893031304665,1.6102407640058545,0.9249072120240708,0.0531922603779397,0.5023988887922469,1.2908597564757325,0.7317087987574319,0.5611564307481076,0.3689965496923255,-0.0228956813065416,-0.2990887221661951,0.395469097646446,0.9957667871993072,5,5
0.6265021396343907,1.034119328629683,-0.3486630917200824,-1.5369072007480595,-0.2178938842811373,-0.384665412631285,-0.3251407742824914,2.6414770735222186,0.6694812381277973,-0.6265021396343906,-0.2857056092792496,0.6495796146201872,1.4765433214708537,0.6155536126122566,0.0,-0.5608931482986333,1.6102407640058545,-1.081189536636433,0.5004269259746703,0.341688836745257,-0.3909074831070782,0.7317087987574319,0.0916139832125058,0.3689965496923255,-0.0228956813065416,-0.2990887221661951,-0.2043257720065126,0.9957667871993072,5,5
0.6265021396343907,0.2763733545637191,-0.3486630917200824,0.7668220640675032,-0.2178938842811373,-0.384665412631285,-0.3251407742824914,2.6414770735222186,-1.4936938379281517,1.596163742686613,-0.2857056092792496,0.6495796146201872,-0.6772574738977882,0.6155536126122566,0.0,-0.1402977550975339,1.6102407640058545,0.9249072120240708,-0.1704250724204255,-1.5043879023803195,0.9341499961121548,0.7317087987574319,0.0916139832125058,0.3689965496923255,1.019965673688196,2.235804889470465,-0.9764318285456152,0.9957667871993072,5,5
0.6265021396343907,0.2763733545637191,-0.3486630917200824,-1.5369072007480595,-0.2178938842811373,-0.384665412631285,-0.3251407742824914,2.6414770735222186,0.6694812381277973,-0.6265021396343906,1.149939658700467,0.6495796146201872,1.4765433214708537,0.6155536126122566,0.0,-0.1402977550975339,-0.6210251425459281,0.9249072120240708,-0.3660902386189951,-1.3803704215029755,-1.1895111388947284,1.4537023863503695,-0.8474709118586976,0.3689965496923255,-1.0657570363012792,-0.8060674444935272,-1.13504117551295,0.9957667871993072,5,5
-1.596163742686613,-0.4813726195022448,-0.988029696276909,-1.5369072007480595,-0.2178938842811373,-0.384665412631285,-0.3251407742824914,2.6414770735222186,-1.4936938379281517,1.596163742686613,-1.7213508772589663,-1.5394571773695604,-0.6772574738977882,-1.6245538642137904,0.0,-0.5608931482986333,1.6102407640058545,-1.081189536636433,-0.2263294056200168,0.1531907555428881,-1.016835481682204,1.4537023863503695,0.0916139832125058,0.8029788537724061,-0.0228956813065416,-0.2990887221661951,-0.2043257720065126,0.9957667871993072,5,5
0.6265021396343907,1.034119328629683,-0.3486630917200824,0.7668220640675032,-0.2178938842811373,-0.384665412631285,-0.3251407742824914,2.6414770735222186,-1.4936938379281517,1.596163742686613,1.149939658700467,-1.5394571773695604,-0.6772574738977882,-1.6245538642137904,0.0,-0.5608931482986333,-0.6210251425459281,0.9249072120240708,0.528379092574466,-0.8533431057245032,0.691257765653541,0.0097152111644942,0.0916139832125058,0.3689965496923255,1.019965673688196,0.714868722488469,-0.9764318285456152,0.9957667871993072,5,5
0.6265021396343907,0.2763733545637191,-1.6273963008337355,-0.3850425683402782,-0.2178938842811373,-0.384665412631285,3.075590879694382,2.6414770735222186,0.6694812381277973,-0.6265021396343906,-0.2857056092792496,0.6495796146201872,-0.6772574738977882,0.6155536126122566,0.0,-0.5608931482986333,-0.6210251425459281,0.9249072120240708,-1.0648944036138863,1.6994194686262554,1.4063706755892549,0.7317087987574319,-1.0822421356264984,-0.2795663557408207,-1.0657570363012792,-0.8060674444935272,-0.1566988558977039,0.9957667871993072,5,5
-1.596163742686613,3.307357250827575,-0.3486630917200824,0.7668220640675032,-0.2178938842811373,-0.384665412631285,-0.3251407742824914,2.6414770735222186,-1.4936938379281517,-0.6265021396343906,-1.7213508772589663,0.6495796146201872,1.4765433214708537,0.6155536126122566,0.0,-0.5608931482986333,-0.6210251425459281,-1.081189536636433,-1.6798420688093911,-0.1134202080662191,1.651137215810661,-0.7122783764284435,-0.143157240555295,0.3689965496923255,1.019965673688196,2.235804889470465,-0.9764318285456152,0.9957667871993072,5,5
0.6265021396343907,2.549611276761611,0.290703512836744,-0.3850425683402782,-0.2178938842811373,-0.384665412631285,-0.3251407742824914,2.6414770735222186,-1.4936938379281517,-0.6265021396343906,-1.7213508772589663,0.6495796146201872,-0.6772574738977882,0.6155536126122566,0.0,-0.1402977550975339,1.6102407640058545,-1.081189536636433,0.7519964253728313,1.0503204103769406,1.315398911601941,-1.434271964021381,1.0306988782837094,-0.2795663557408207,-1.0657570363012792,-0.8060674444935272,-0.9764318285456152,0.9957667871993072,5,5
-1.596163742686613,0.2763733545637191,0.290703512836744,0.7668220640675032,-0.2178938842811373,2.599661854596047,-0.3251407742824914,2.6414770735222186,0.6694812381277973,-0.6265021396343906,-0.2857056092792496,-1.5394571773695604,-0.6772574738977882,-1.6245538642137904,0.0,-0.5608931482986333,-0.6210251425459281,-1.081189536636433,-0.7853727376159301,0.3440062527807883,1.5420274491160737,0.7317087987574319,-2.021327030697702,0.3689965496923255,1.019965673688196,2.235804889470465,0.395469097646446,-0.4251758136348733,5,5
-1.596163742686613,2.549611276761611,-0.988029696276909,0.7668220640675032,-0.2178938842811373,-0.384665412631285,-0.3251407742824914,2.6414770735222186,0.6694812381277973,-0.6265021396343906,1.149939658700467,0.6495796146201872,1.4765433214708537,0.6155536126122566,0.0,-0.5608931482986333,-0.6210251425459281,-1.081189536636433,-1.4841769026108216,-0.1134202080662191,-0.0126679651963113,-0.7122783764284435,-0.8474709118586976,0.3689965496923255,1.019965673688196,2.235804889470465,-0.9764318285456152,0.9957667871993072,5,5
0.6265021396343907,1.034119328629683,0.9300701173935708,0.7668220640675032,-0.2178938842811373,-0.384665412631285,-0.3251407742824914,2.6414770735222186,0.6694812381277973,1.596163742686613,-0.2857056092792496,0.6495796146201872,-0.6772574738977882,0.6155536126122566,0.0,0.2802976381035655,1.6102407640058545,0.9249072120240708,1.3110397573687445,-1.3661032600022749,0.4496934536341355,-1.434271964021381,1.2654701020515102,0.3689965496923255,-0.0228956813065416,-0.2990887221661951,-0.1566988558977039,-1.1356471140519635,5,5
-1.596163742686613,-0.4813726195022448,-0.3486630917200824,0.7668220640675032,-0.2178938842811373,-0.384665412631285,-0.3251407742824914,2.6414770735222186,0.6694812381277973,-0.6265021396343906,-0.2857056092792496,0.6495796146201872,1.4765433214708537,0.6155536126122566,0.0,-0.5608931482986333,-0.6210251425459281,-1.081189536636433,-1.4841769026108216,0.0541873027556675,-0.7626082445867469,0.7317087987574319,-0.6126996880908967,0.3689965496923255,1.019965673688196,2.235804889470465,-0.9764318285456152,0.9957667871993072,5,5
-1.596163742686613,-0.4813726195022448,-0.3486630917200824,0.7668220640675032,-0.2178938842811373,2.599661854596047,-0.3251407742824914,2.6414770735222186,0.6694812381277973,-0.6265021396343906,1.149939658700467,0.6495796146201872,-0.6772574738977882,0.6155536126122566,0.0,1.542083817706864,-0.6210251425459281,0.9249072120240708,-0.9251335706149084,-0.8775178478144678,0.7585764882459008,0.0097152111644942,-0.6126996880908967,0.3689965496923255,-1.0657570363012792,-0.8060674444935272,0.395469097646446,0.9957667871993072,5,5
0.6265021396343907,-0.4813726195022448,0.9300701173935708,0.7668220640675032,-0.2178938842811373,-0.384665412631285,-0.3251407742824914,2.6414770735222186,0.6694812381277973,-0.6265021396343906,1.149939658700467,0.6495796146201872,-0.6772574738977882,0.6155536126122566,0.0,1.962679210907964,1.6102407640058545,0.9249072120240708,0.8358529251722183,0.1243627789631688,0.6206926828541798,-0.7122783764284435,0.0916139832125058,0.3689965496923255,1.019965673688196,0.2078900001611369,0.395469097646446,0.9957667871993072,5,5
0.6265021396343907,1.034119328629683,-0.988029696276909,-1.5369072007480595,-0.2178938842811373,-0.384665412631285,-0.3251407742824914,2.6414770735222186,0.6694812381277973,-0.6265021396343906,1.149939658700467,0.6495796146201872,1.4765433214708537,0.6155536126122566,0.0,-0.5608931482986333,1.6102407640058545,-1.081189536636433,1.171278924369766,-1.5661018037507943,0.4362535119070721,-0.7122783764284435,0.5611564307481076,0.3689965496923255,-1.0657570363012792,-0.8060674444935272,0.395469097646446,-1.1356471140519635,5,5
0.6265021396343907,-0.4813726195022448,-0.3486630917200824,0.7668220640675032,-0.2178938842811373,2.599661854596047,-0.3251407742824914,2.6414770735222186,-1.4936938379281517,1.596163742686613,-0.2857056092792496,0.6495796146201872,1.4765433214708537,0.6155536126122566,0.0,-0.1402977550975339,-0.6210251425459281,0.9249072120240708,-0.0865685726210385,-1.5043879023803195,-0.1399192264297768,0.7317087987574319,0.7959276545159084,0.3689965496923255,-0.0228956813065416,0.714868722488469,-0.9764318285456152,0.9957667871993072,5,5
-1.596163742686613,-0.4813726195022448,-0.3486630917200824,0.7668220640675032,-0.2178938842811373,-0.384665412631285,-0.3251407742824914,2.6414770735222186,0.6694812381277973,-0.6265021396343906,-0.2857056092792496,-1.5394571773695604,-0.6772574738977882,-1.6245538642137904,0.0,-0.5608931482986333,-0.6210251425459281,-1.081189536636433,0.6122355923738529,-1.5902213036095172,-1.329645554720814,1.4537023863503695,-0.6126996880908967,0.3689965496923255,1.019965673688196,0.2078900001611369,-0.8677950686030905,-0.4251758136348733,5,5
-1.596163742686613,1.034119328629683,-0.3486630917200824,0.7668220640675032,-0.2178938842811373,-0.384665412631285,-0.3251407742824914,2.6414770735222186,0.6694812381277973,1.596163742686613,1.149939658700467,0.6495796146201872,-0.6772574738977882,0.6155536126122566,0.0,-0.5608931482986333,1.6102407640058545,-1.081189536636433,-1.4003204028114344,-0.6617875536883594,-1.0039877835152196,-0.7122783764284435,-0.8474709118586976,0.3689965496923255,1.019965673688196,1.221847444815801,-0.9764318285456152,-0.4251758136348733,5,5
0.6265021396343907,0.2763733545637191,-0.988029696276909,0.7668220640675032,-0.2178938842811373,-0.384665412631285,-0.3251407742824914,2.6414770735222186,-1.4936938379281517,-0.6265021396343906,1.149939658700467,0.6495796146201872,-0.6772574738977882,0.6155536126122566,0.0,-0.5608931482986333,-0.6210251425459281,-1.081189536636433,-0.3660902386189951,1.043243246154598,-1.3148403379915343,1.4537023863503695,0.0916139832125058,0.3689965496923255,1.019965673688196,0.2078900001611369,-0.9764318285456152,0.9957667871993072,5,5
0.6265021396343907,-1.2391185935682083,-0.3486630917200824,0.7668220640675032,-0.2178938842811373,2.599661854596047,-0.3251407742824914,2.6414770735222186,-1.4936938379281517,-0.6265021396343906,-1.7213508772589663,0.6495796146201872,-0.6772574738977882,0.6155536126122566,0.0,-0.1402977550975339,1.6102407640058545,-1.081189536636433,2.49900683786006,-0.5837170700866301,1.534920711717015,-1.434271964021381,1.2654701020515102,0.3689965496923255,-1.0657570363012792,-1.3130461668208593,0.395469097646446,-0.4251758136348733,5,5
-1.596163742686613,-0.4813726195022448,0.290703512836744,-1.5369072007480595,-0.2178938842811373,2.599661854596047,-0.3251407742824914,2.6414770735222186,0.6694812381277973,-0.6265021396343906,-1.7213508772589663,0.6495796146201872,-0.6772574738977882,0.6155536126122566,0.0,0.700893031304665,1.6102407640058545,0.9249072120240708,-1.2885117364122518,1.2733568622026092,0.5291478406357404,0.0097152111644942,-0.8474709118586976,0.3689965496923255,-1.0657570363012792,-0.8060674444935272,-0.2043257720065126,0.9957667871993072,5,5
0.6265021396343907,-0.4813726195022448,-0.3486630917200824,0.7668220640675032,-0.2178938842811373,-0.384665412631285,-0.3251407742824914,2.6414770735222186,-1.4936938379281517,1.596163742686613,1.149939658700467,0.6495796146201872,1.4765433214708537,0.6155536126122566,0.0,-0.5608931482986333,-0.6210251425459281,-1.081189536636433,1.2271832575693575,-1.4246201251792423,-0.0251226238820127,0.7317087987574319,-0.143157240555295,0.3689965496923255,-1.0657570363012792,-0.8060674444935272,-0.9764318285456152,-0.4251758136348733,5,5
-1.596163742686613,-1.2391185935682083,0.290703512836744,-0.3850425683402782,-0.2178938842811373,-0.384665412631285,-0.3251407742824914,2.6414770735222186,-1.4936938379281517,1.596163742686613,-0.2857056092792496,0.6495796146201872,1.4765433214708537,0.6155536126122566,0.0,1.1214884245057646,-0.6210251425459281,0.9249072120240708,-0.1704250724204255,-0.3612702119159278,0.896163097440987,-1.434271964021381,-0.6126996880908967,0.3689965496923255,1.019965673688196,0.2078900001611369,0.3816752050458676,0.2852954867822169,5,5
0.6265021396343907,-0.4813726195022448,2.8481699310640503,-1.5369072007480595,-0.2178938842811373,-0.384665412631285,-0.3251407742824914,2.6414770735222186,0.6694812381277973,-0.6265021396343906,-0.2857056092792496,-1.5394571773695604,-0.6772574738977882,-1.6245538642137904,0.0,-0.5608931482986333,1.6102407640058545,0.9249072120240708,0.0811444269777354,1.6994194686262554,0.6676207671789031,0.7317087987574319,0.3263852069803067,0.3689965496923255,1.019965673688196,0.2078900001611369,0.395469097646446,0.9957667871993072,5,5
-1.596163742686613,-0.4813726195022448,0.290703512836744,0.7668220640675032,-0.2178938842811373,-0.384665412631285,-0.3251407742824914,2.6414770735222186,0.6694812381277973,-0.6265021396343906,-1.7213508772589663,0.6495796146201872,1.4765433214708537,0.6155536126122566,0.0,-0.1402977550975339,1.6102407640058545,0.9249072120240708,-1.959363734807348,-0.5197428698045234,-0.9719458916311712,-0.7122783764284435,-1.786555806929901,-0.2795663557408207,-1.0657570363012792,-0.8060674444935272,0.395469097646446,0.9957667871993072,5,5
-1.596163742686613,-1.2391185935682083,0.290703512836744,-0.3850425683402782,-0.2178938842811373,-0.384665412631285,-0.3251407742824914,2.6414770735222186,0.6694812381277973,-0.6265021396343906,-0.2857056092792496,0.6495796146201872,1.4765433214708537,0.6155536126122566,0.0,3.224465390511262,-0.6210251425459281,0.9249072120240708,-0.6456119046169517,0.4443331135908279,0.9333737200362044,-1.434271964021381,-1.0822421356264984,-0.2795663557408207,-1.0657570363012792,-0.8060674444935272,0.395469097646446,0.9957667871993072,5,5
0.6265021396343907,0.2763733545637191,-0.3486630917200824,-1.5369072007480595,-0.2178938842811373,-0.384665412631285,-0.3251407742824914,2.6414770735222186,-1.4936938379281517,1.596163742686613,-0.2857056092792496,0.6495796146201872,-0.6772574738977882,0.6155536126122566,0.0,2.383274604109063,-0.6210251425459281,0.9249072120240708,-0.1704250724204255,-0.7191573554432117,-1.1495041065219893,0.7317087987574319,0.5611564307481076,0.3689965496923255,-0.0228956813065416,-0.2990887221661951,-0.1566988558977039,0.9957667871993072,5,5
0.6265021396343907,-1.2391185935682083,1.5694367219503973,0.7668220640675032,-0.2178938842811373,2.599661854596047,-0.3251407742824914,2.6414770735222186,0.6694812381277973,-0.6265021396343906,1.149939658700467,-1.5394571773695604,-0.6772574738977882,-1.6245538642137904,0.0,2.8038699973101626,1.6102407640058545,-1.081189536636433,2.49900683786006,-0.5864725947140419,-0.6727617639813944,-0.7122783764284435,1.5002413258193112,0.3689965496923255,1.019965673688196,0.2078900001611369,0.395469097646446,0.9957667871993072,5,5
0.6265021396343907,1.034119328629683,-0.3486630917200824,0.7668220640675032,-0.2178938842811373,-0.384665412631285,-0.3251407742824914,2.6414770735222186,0.6694812381277973,1.596163742686613,1.149939658700467,-1.5394571773695604,-0.6772574738977882,-1.6245538642137904,0.0,-0.1402977550975339,-0.6210251425459281,0.9249072120240708,-0.6456119046169517,-1.5210981986849272,1.5459072152484634,1.4537023863503695,-1.3170133593942992,0.3689965496923255,1.019965673688196,0.714868722488469,-0.1566988558977039,-0.4251758136348733,5,5
-1.596163742686613,-1.2391185935682083,-0.3486630917200824,0.7668220640675032,-0.2178938842811373,2.599661854596047,-0.3251407742824914,2.6414770735222186,0.6694812381277973,-0.6265021396343906,1.149939658700467,-1.5394571773695604,-0.6772574738977882,-1.6245538642137904,0.0,-0.1402977550975339,-0.6210251425459281,0.9249072120240708,-0.7853727376159301,0.7098607605905439,0.1792237712243084,0.7317087987574319,-0.8474709118586976,0.5705382058259014,-1.0657570363012792,-0.8060674444935272,0.395469097646446,0.9957667871993072,5,5
0.6265021396343907,1.791865302695647,-1.6273963008337355,-1.5369072007480595,-0.2178938842811373,-0.384665412631285,-0.3251407742824914,2.6414770735222186,-1.4936938379281517,1.596163742686613,1.149939658700467,-1.5394571773695604,-0.6772574738977882,-1.6245538642137904,0.0,-0.5608931482986333,-0.6210251425459281,-1.081189536636433,1.925987422564249,0.0322114204765375,-0.2908171011219813,-1.434271964021381,1.2654701020515102,0.3689965496923255,1.019965673688196,2.235804889470465,0.395469097646446,0.9957667871993072,5,5
0.6265021396343907,-0.4813726195022448,-0.988029696276909,0.7668220640675032,-0.2178938842811373,-0.384665412631285,-0.3251407742824914,2.6414770735222186,-1.4936938379281517,-0.6265021396343906,-0.2857056092792496,0.6495796146201872,1.4765433214708537,0.6155536126122566,0.0,-0.1402977550975339,-0.6210251425459281,0.9249072120240708,-0.3660902386189951,-0.1562730381272532,-1.5441728957842131,0.0097152111644942,0.3263852069803067,0.3689965496923255,1.019965673688196,1.221847444815801,-0.9764318285456152,0.9957667871993072,5,5
0.6265021396343907,-0.4813726195022448,-0.3486630917200824,0.7668220640675032,-0.2178938842811373,-0.384665412631285,-0.3251407742824914,2.6414770735222186,0.6694812381277973,-0.6265021396343906,-0.2857056092792496,-1.5394571773695604,-0.6772574738977882,-1.6245538642137904,0.0,-0.5608931482986333,-0.6210251425459281,0.9249072120240708,-0.9251335706149084,1.6994194686262554,1.5059002864060054,0.7317087987574319,-0.143157240555295,0.3689965496923255,1.019965673688196,1.221847444815801,-0.9764318285456152,0.9957667871993072,5,5
-1.596163742686613,0.2763733545637191,0.9300701173935708,-1.5369072007480595,-0.2178938842811373,-0.384665412631285,-0.3251407742824914,2.6414770735222186,0.6694812381277973,-0.6265021396343906,-0.2857056092792496,-1.5394571773695604,-0.6772574738977882,-1.6245538642137904,0.0,-0.1402977550975339,-0.6210251425459281,-1.081189536636433,-1.3444160696118432,-0.3173732410144079,1.0362831256865732,0.7317087987574319,-1.0822421356264984,0.3689965496923255,1.019965673688196,0.2078900001611369,-0.2043257720065126,-1.1356471140519635,5,5
0.6265021396343907,1.034119328629683,0.290703512836744,-1.5369072007480595,-0.2178938842811373,-0.384665412631285,-0.3251407742824914,2.6414770735222186,0.6694812381277973,-0.6265021396343906,-0.2857056092792496,-1.5394571773695604,-0.6772574738977882,-1.6245538642137904,0.0,-0.1402977550975339,-0.6210251425459281,-1.081189536636433,0.528379092574466,1.626971366472498,-0.690850259149015,1.4537023863503695,0.5611564307481076,0.3689965496923255,1.019965673688196,2.742783611797797,0.395469097646446,-1.1356471140519635,5,5
0.6265021396343907,-1.2391185935682083,-0.3486630917200824,0.7668220640675032,-0.2178938842811373,2.599661854596047,-0.3251407742824914,2.6414770735222186,0.6694812381277973,-0.6265021396343906,-1.7213508772589663,0.6495796146201872,-0.6772574738977882,0.6155536126122566,0.0,-0.5608931482986333,-0.6210251425459281,-1.081189536636433,-0.2822337388196081,0.1998659831106971,0.983415981384912,0.0097152111644942,0.0916139832125058,0.3689965496923255,-1.0657570363012792,-1.3130461668208593,-0.1566988558977039,-1.1356471140519635,5,5
0.6265021396343907,-0.4813726195022448,0.9300701173935708,0.7668220640675032,-0.2178938842811373,-0.384665412631285,-0.3251407742824914,2.6414770735222186,-1.4936938379281517,1.596163742686613,-0.2857056092792496,0.6495796146201872,-0.6772574738977882,0.6155536126122566,0.0,-0.5608931482986333,-0.6210251425459281,0.9249072120240708,0.1650009267771224,-0.8533431057245032,0.8441224792138526,0.0097152111644942,0.3263852069803067,0.3689965496923255,1.019965673688196,2.235804889470465,-0.9764318285456152,0.9957667871993072,5,5
0.6265021396343907,0.2763733545637191,0.290703512836744,-1.5369072007480595,-0.2178938842811373,-0.384665412631285,-0.3251407742824914,2.6414770735222186,-1.4936938379281517,1.596163742686613,-0.2857056092792496,0.6495796146201872,1.4765433214708537,0.6155536126122566,0.0,-0.5608931482986333,-0.6210251425459281,-1.081189536636433,-0.7853727376159301,0.1182922689818317,-0.367109095307885,0.0097152111644942,-0.143157240555295,0.3689965496923255,-0.0228956813065416,-0.2990887221661951,-0.2043257720065126,-1.8461184144690537,5,5
0.6265021396343907,1.034119328629683,-1.6273963008337355,0.7668220640675032,-0.2178938842811373,-0.384665412631285,-0.3251407742824914,2.6414770735222186,-1.4936938379281517,1.596163742686613,1.149939658700467,0.6495796146201872,-0.6772574738977882,0.6155536126122566,0.0,0.700893031304665,-0.6210251425459281,0.9249072120240708,-0.0865685726210385,0.9978738891403688,-1.4580985278675496,-1.434271964021381,1.2654701020515102,0.3689965496923255,1.019965673688196,0.2078900001611369,-0.1566988558977039,0.9957667871993072,5,5
-1.596163742686613,-0.4813726195022448,-0.3486630917200824,0.7668220640675032,-0.2178938842811373,-0.384665412631285,-0.3251407742824914,2.6414770735222186,0.6694812381277973,-0.6265021396343906,-3.156996145238683,0.6495796146201872,-0.6772574738977882,0.6155536126122566,0.0,1.542083817706864,1.6102407640058545,0.9249072120240708,-0.7853727376159301,-0.9376820617738532,-1.4363658666065695,0.0097152111644942,-0.3779284643230959,0.3689965496923255,-1.0657570363012792,-0.8060674444935272,0.395469097646446,-1.1356471140519635,5,5
-1.596163742686613,0.2763733545637191,-0.3486630917200824,-1.5369072007480595,-0.2178938842811373,-0.384665412631285,-0.3251407742824914,2.6414770735222186,0.6694812381277973,-0.6265021396343906,1.149939658700467,0.6495796146201872,-0.6772574738977882,0.6155536126122566,0.0,0.2802976381035655,-0.6210251425459281,0.9249072120240708,-1.6239377356098,-1.1055570589250046,-0.4275783988474353,0.7317087987574319,-1.0822421356264984,-0.2795663557408207,1.019965673688196,0.714868722488469,-0.9764318285456152,0.9957667871993072,5,5
-1.596163742686613,-0.4813726195022448,0.290703512836744,0.7668220640675032,-0.2178938842811373,-0.384665412631285,-0.3251407742824914,2.6414770735222186,0.6694812381277973,-0.6265021396343906,-1.7213508772589663,-1.5394571773695604,-0.6772574738977882,-1.6245538642137904,0.0,-0.5608931482986333,-0.6210251425459281,0.9249072120240708,-1.3444160696118432,-1.415013608088049,1.2998339246385706,0.0097152111644942,-0.3779284643230959,0.3689965496923255,-1.0657570363012792,-0.8060674444935272,0.395469097646446,0.9957667871993072,5,5
0.6265021396343907,-1.2391185935682083,-1.6273963008337355,0.7668220640675032,-0.2178938842811373,-0.384665412631285,-0.3251407742824914,2.6414770735222186,0.6694812381277973,1.596163742686613,1.149939658700467,0.6495796146201872,1.4765433214708537,0.6155536126122566,0.0,-0.1402977550975339,-0.6210251425459281,0.9249072120240708,0.3327139263758963,0.7427026842927597,1.2998287762684702,-1.434271964021381,0.3263852069803067,0.3689965496923255,-1.0657570363012792,-0.8060674444935272,0.395469097646446,-1.1356471140519635,5,5
0.6265021396343907,-0.4813726195022448,0.9300701173935708,-1.5369072007480595,-0.2178938842811373,-0.384665412631285,-0.3251407742824914,2.6414770735222186,0.6694812381277973,-0.6265021396343906,1.149939658700467,-1.5394571773695604,-0.6772574738977882,-1.6245538642137904,0.0,1.542083817706864,1.6102407640058545,0.9249072120240708,-0.6456119046169517,-0.0743963775245472,-0.4092343628468592,0.0097152111644942,-0.8474709118586976,0.3689965496923255,-1.0657570363012792,-0.8060674444935272,-0.2043257720065126,-0.4251758136348733,5,5
0.6265021396343907,2.549611276761611,0.9300701173935708,0.7668220640675032,-0.2178938842811373,-0.384665412631285,-0.3251407742824914,2.6414770735222186,-1.4936938379281517,-0.6265021396343906,1.149939658700467,0.6495796146201872,1.4765433214708537,0.6155536126122566,0.0,-0.1402977550975339,-0.6210251425459281,0.9249072120240708,0.4724747593748747,-1.5210981986849272,0.4257625944141586,1.4537023863503695,-0.3779284643230959,0.3689965496923255,-1.0657570363012792,-0.8060674444935272,-0.9764318285456152,-0.4251758136348733,5,5
0.6265021396343907,-1.2391185935682083,0.9300701173935708,0.7668220640675032,-0.2178938842811373,-0.384665412631285,-0.3251407742824914,2.6414770735222186,0.6694812381277973,-0.6265021396343906,1.149939658700467,0.6495796146201872,-0.6772574738977882,0.6155536126122566,0.0,-0.1402977550975339,-0.6210251425459281,0.9249072120240708,-0.1704250724204255,0.2828721530823016,1.4634657042224002,0.0097152111644942,-0.143157240555295,-0.2795663557408207,-1.0657570363012792,-0.8060674444935272,0.395469097646446,-1.1356471140519635,5,5
0.6265021396343907,-0.4813726195022448,0.290703512836744,0.7668220640675032,-0.2178938842811373,-0.384665412631285,-0.3251407742824914,2.6414770735222186,0.6694812381277973,-0.6265021396343906,-0.2857056092792496,0.6495796146201872,1.4765433214708537,0.6155536126122566,0.0,-0.5608931482986333,1.6102407640058545,-1.081189536636433,-0.869229237415317,0.7245135474798379,0.7743890572480485,1.4537023863503695,-0.3779284643230959,0.3689965496923255,1.019965673688196,0.2078900001611369,0.395469097646446,-1.1356471140519635,5,5
0.6265021396343907,-0.4813726195022448,0.9300701173935708,0.7668220640675032,-0.2178938842811373,-0.384665412631285,-0.3251407742824914,2.6414770735222186,-1.4936938379281517,-0.6265021396343906,1.149939658700467,0.6495796146201872,-0.6772574738977882,0.6155536126122566,0.0,2.383274604109063,1.6102407640058545,0.9249072120240708,-1.0648944036138863,-1.1561081338359953,0.9853696560002324,0.7317087987574319,-1.3170133593942992,0.3689965496923255,1.019965673688196,0.2078900001611369,-1.13504117551295,-0.4251758136348733,5,5
0.6265021396343907,-0.4813726195022448,-0.988029696276909,0.7668220640675032,-0.2178938842811373,-0.384665412631285,-0.3251407742824914,2.6414770735222186,0.6694812381277973,-0.6265021396343906,1.149939658700467,0.6495796146201872,-0.6772574738977882,0.6155536126122566,0.0,-0.1402977550975339,1.6102407640058545,-1.081189536636433,2.49900683786006,-1.274811238860888,-0.9927307470706864,0.0097152111644942,0.7959276545159084,0.3689965496923255,-1.0657570363012792,-0.8060674444935272,-0.9764318285456152,-0.4251758136348733,5,5
0.6265021396343907,-1.2391185935682083,4.126903140177704,-1.5369072007480595,-0.2178938842811373,-0.384665412631285,-0.3251407742824914,2.6414770735222186,0.6694812381277973,-0.6265021396343906,-0.2857056092792496,0.6495796146201872,-0.6772574738977882,0.6155536126122566,0.0,-0.1402977550975339,-0.6210251425459281,0.9249072120240708,1.2271832575693575,-1.5642009596366977,-1.0114305785120838,0.7317087987574319,0.5611564307481076,0.3689965496923255,-1.0657570363012792,-0.2990887221661951,-0.2043257720065126,-1.1356471140519635,5,5
0.6265021396343907,0.2763733545637191,2.208803326507224,-1.5369072007480595,-0.2178938842811373,-0.384665412631285,-0.3251407742824914,2.6414770735222186,0.6694812381277973,-0.6265021396343906,1.149939658700467,-1.5394571773695604,-0.6772574738977882,-1.6245538642137904,0.0,-0.5608931482986333,-0.6210251425459281,0.9249072120240708,-0.5617554048175647,-1.1690762326340147,-0.9208777645293034,0.7317087987574319,-0.8474709118586976,0.3689965496923255,-1.0657570363012792,-0.8060674444935272,-0.2043257720065126,-0.4251758136348733,5,5
0.6265021396343907,-0.4813726195022448,-1.6273963008337355,-1.5369072007480595,-0.2178938842811373,-0.384665412631285,-0.3251407742824914,2.6414770735222186,0.6694812381277973,-0.6265021396343906,-0.2857056092792496,0.6495796146201872,1.4765433214708537,0.6155536126122566,0.0,-0.5608931482986333,-0.6210251425459281,0.9249072120240708,1.4508005903677228,-0.877364438855284,1.4973020958778762,0.0097152111644942,0.7959276545159084,0.3689965496923255,-1.0657570363012792,-0.8060674444935272,0.395469097646446,-0.4251758136348733,5,5
0.6265021396343907,-1.2391185935682083,-0.3486630917200824,0.7668220640675032,-0.2178938842811373,-0.384665412631285,-0.3251407742824914,2.6414770735222186,-1.4936938379281517,1.596163742686613,1.149939658700467,0.6495796146201872,-0.6772574738977882,0.6155536126122566,0.0,1.962679210907964,1.6102407640058545,0.9249072120240708,-0.1704250724204255,0.8906545428846754,1.5714983963497584,1.4537023863503695,0.5611564307481076,0.3689965496923255,-1.0657570363012792,-0.8060674444935272,0.395469097646446,-1.1356471140519635,5,5
0.6265021396343907,0.2763733545637191,1.5694367219503973,0.7668220640675032,-0.2178938842811373,-0.384665412631285,-0.3251407742824914,2.6414770735222186,-1.4936938379281517,-0.6265021396343906,-0.2857056092792496,0.6495796146201872,1.4765433214708537,0.6155536126122566,0.0,-0.5608931482986333,1.6102407640058545,0.9249072120240708,-0.7294684044163388,-0.5937014057410386,-1.3896913113801732,1.4537023863503695,-0.6126996880908967,-0.2795663557408207,1.019965673688196,0.2078900001611369,-0.9764318285456152,-0.4251758136348733,5,5
-1.596163742686613,1.791865302695647,1.5694367219503973,0.7668220640675032,-0.2178938842811373,-0.384665412631285,-0.3251407742824914,2.6414770735222186,0.6694812381277973,1.596163742686613,-0.2857056092792496,0.6495796146201872,-0.6772574738977882,0.6155536126122566,0.0,-0.5608931482986333,-0.6210251425459281,-1.081189536636433,-0.6456119046169517,-0.2147237108641412,-0.9085068163954207,0.0097152111644942,-1.0822421356264984,-0.2795663557408207,1.019965673688196,1.221847444815801,0.395469097646446,-0.4251758136348733,5,5
0.6265021396343907,0.2763733545637191,-1.6273963008337355,-1.5369072007480595,-0.2178938842811373,-0.384665412631285,-0.3251407742824914,2.6414770735222186,0.6694812381277973,1.596163742686613,-0.2857056092792496,-1.5394571773695604,-0.6772574738977882,-1.6245538642137904,0.0,-0.5608931482986333,-0.6210251425459281,-1.081189536636433,-0.7853727376159301,-1.5661018037507943,1.0284424875120204,-0.7122783764284435,-0.3779284643230959,0.3689965496923255,-0.0228956813065416,-0.2990887221661951,-0.2043257720065126,-1.1356471140519635,5,5
0.6265021396343907,-1.2391185935682083,-0.988029696276909,-0.3850425683402782,-0.2178938842811373,-0.384665412631285,-0.3251407742824914,2.6414770735222186,0.6694812381277973,-0.6265021396343906,-0.2857056092792496,0.6495796146201872,-0.6772574738977882,0.6155536126122566,0.0,-0.5608931482986333,-0.6210251425459281,-1.081189536636433,-0.869229237415317,-1.5661018037507943,1.1121101824873134,-0.7122783764284435,-1.0822421356264984,0.3689965496923255,1.019965673688196,0.714868722488469,0.395469097646446,-1.1356471140519635,5,5
0.6265021396343907,-0.4813726195022448,2.8481699310640503,-1.5369072007480595,-0.2178938842811373,-0.384665412631285,-0.3251407742824914,2.6414770735222186,0.6694812381277973,-0.6265021396343906,1.149939658700467,0.6495796146201872,-0.6772574738977882,0.6155536126122566,0.0,-0.1402977550975339,-0.6210251425459281,-1.081189536636433,-0.7853727376159301,0.3770371574513858,-1.5139247842273205,-0.7122783764284435,-0.6126996880908967,-0.2795663557408207,-1.0657570363012792,-0.8060674444935272,-0.2043257720065126,-0.4251758136348733,5,5
0.6265021396343907,0.2763733545637191,-0.3486630917200824,0.7668220640675032,-0.2178938842811373,-0.384665412631285,-0.3251407742824914,2.6414770735222186,0.6694812381277973,-0.6265021396343906,-0.2857056092792496,0.6495796146201872,-0.6772574738977882,0.6155536126122566,0.0,-0.5608931482986333,-0.6210251425459281,-1.081189536636433,1.4508005903677228,-0.756922792793606,-0.3073419664084847,0.0097152111644942,-0.143157240555295,0.3689965496923255,-1.0657570363012792,-0.8060674444935272,0.395469097646446,-0.4251758136348733,5,5
0.6265021396343907,-0.4813726195022448,-0.3486630917200824,-1.5369072007480595,-0.2178938842811373,2.599661854596047,-0.3251407742824914,2.6414770735222186,-1.4936938379281517,-0.6265021396343906,-0.2857056092792496,0.6495796146201872,-0.6772574738977882,0.6155536126122566,0.0,1.962679210907964,-0.6210251425459281,-1.081189536636433,1.3110397573687445,0.5942854669375388,1.3727210044362927,0.7317087987574319,1.2654701020515102,-0.2795663557408207,1.019965673688196,1.221847444815801,0.395469097646446,-0.4251758136348733,5,5
0.6265021396343907,0.2763733545637191,-0.3486630917200824,0.7668220640675032,-0.2178938842811373,2.599661854596047,-0.3251407742824914,2.6414770735222186,0.6694812381277973,-0.6265021396343906,1.149939658700467,0.6495796146201872,-0.6772574738977882,0.6155536126122566,0.0,0.700893031304665,-0.6210251425459281,0.9249072120240708,0.528379092574466,-0.4088493739494066,-0.6890436210493841,0.7317087987574319,0.7959276545159084,-0.2795663557408207,-1.0657570363012792,-0.8060674444935272,0.395469097646446,-0.4251758136348733,5,5
0.6265021396343907,1.034119328629683,-0.3486630917200824,0.7668220640675032,-0.2178938842811373,2.599661854596047,-0.3251407742824914,2.6414770735222186,0.6694812381277973,-0.6265021396343906,1.149939658700467,0.6495796146201872,-0.6772574738977882,0.6155536126122566,0.0,-0.5608931482986333,1.6102407640058545,0.9249072120240708,-0.3660902386189951,1.064868318652537,-1.094885534406976,-0.7122783764284435,0.5611564307481076,0.3689965496923255,-1.0657570363012792,-0.8060674444935272,-0.8677950686030905,-0.4251758136348733,5,5
-1.596163742686613,-0.4813726195022448,-0.988029696276909,0.7668220640675032,-0.2178938842811373,-0.384665412631285,-0.3251407742824914,2.6414770735222186,0.6694812381277973,-0.6265021396343906,1.149939658700467,-1.5394571773695604,-0.6772574738977882,-1.6245538642137904,0.0,-0.5608931482986333,-0.6210251425459281,-1.081189536636433,-1.3444160696118432,0.6526631292887012,-0.5043619828718923,-1.434271964021381,-0.3779284643230959,0.3689965496923255,-1.0657570363012792,-0.8060674444935272,0.395469097646446,-1.1356471140519635,5,5
0.6265021396343907,0.2763733545637191,0.290703512836744,0.7668220640675032,-0.2178938842811373,2.599661854596047,-0.3251407742824914,2.6414770735222186,0.6694812381277973,-0.6265021396343906,-0.2857056092792496,0.6495796146201872,-0.6772574738977882,0.6155536126122566,0.0,1.962679210907964,1.6102407640058545,0.9249072120240708,-0.7294684044163388,0.7229722058335636,-1.26219507541384,0.7317087987574319,-0.3779284643230959,0.3689965496923255,1.019965673688196,0.2078900001611369,0.395469097646446,-1.1356471140519635,5,5
0.6265021396343907,0.2763733545637191,-0.3486630917200824,0.7668220640675032,-0.2178938842811373,-0.384665412631285,-0.3251407742824914,2.6414770735222186,0.6694812381277973,-0.6265021396343906,-0.2857056092792496,-1.5394571773695604,-0.6772574738977882,-1.6245538642137904,0.0,-0.5608931482986333,-0.6210251425459281,-1.081189536636433,0.4724747593748747,-1.5661018037507943,-1.3383342888219334,-0.7122783764284435,0.3263852069803067,0.3689965496923255,-1.0657570363012792,-0.8060674444935272,0.395469097646446,-1.1356471140519635,5,5
0.6265021396343907,0.2763733545637191,-0.988029696276909,0.7668220640675032,-0.2178938842811373,-0.384665412631285,-0.3251407742824914,2.6414770735222186,0.6694812381277973,-0.6265021396343906,-0.2857056092792496,0.6495796146201872,-0.6772574738977882,0.6155536126122566,0.0,-0.5608931482986333,-0.6210251425459281,0.9249072120240708,0.5004269259746703,1.2109824867147096,1.220646785126994,0.7317087987574319,-0.143157240555295,0.3689965496923255,1.019965673688196,2.742783611797797,0.395469097646446,-1.1356471140519635,5,5
-1.596163742686613,1.034119328629683,0.290703512836744,-1.5369072007480595,-0.2178938842811373,-0.384665412631285,-0.3251407742824914,2.6414770735222186,0.6694812381277973,-0.6265021396343906,-1.7213508772589663,0.6495796146201872,-0.6772574738977882,0.6155536126122566,0.0,-0.5608931482986333,-0.6210251425459281,-1.081189536636433,-0.6456119046169517,0.1694602695829822,-1.5794297349890505,-0.7122783764284435,-0.8474709118586976,0.3689965496923255,-1.0657570363012792,-0.8060674444935272,-0.2043257720065126,-1.1356471140519635,5,5
-1.596163742686613,-0.4813726195022448,-1.6273963008337355,0.7668220640675032,-0.2178938842811373,-0.384665412631285,3.075590879694382,2.6414770735222186,0.6694812381277973,-0.6265021396343906,1.149939658700467,-1.5394571773695604,-0.6772574738977882,-1.6245538642137904,0.0,-0.5608931482986333,-0.6210251425459281,-1.081189536636433,0.6122355923738529,0.1694602695829822,-0.6456806270851966,-0.7122783764284435,-0.6126996880908967,-0.2795663557408207,-1.0657570363012792,-0.8060674444935272,0.395469097646446,-1.1356471140519635,5,5
0.6265021396343907,-0.4813726195022448,0.9300701173935708,0.7668220640675032,-0.2178938842811373,-0.384665412631285,-0.3251407742824914,2.6414770735222186,-1.4936938379281517,-0.6265021396343906,-0.2857056092792496,0.6495796146201872,-0.6772574738977882,0.6155536126122566,0.0,0.700893031304665,-0.6210251425459281,0.9249072120240708,1.171278924369766,1.333831994242051,0.881366036523486,1.4537023863503695,1.5002413258193112,0.3689965496923255,1.019965673688196,2.235804889470465,0.395469097646446,-1.1356471140519635,5,5
0.6265021396343907,0.2763733545637191,-0.3486630917200824,-1.5369072007480595,-0.2178938842811373,-0.384665412631285,-0.3251407742824914,2.6414770735222186,0.6694812381277973,-0.6265021396343906,-0.2857056092792496,0.6495796146201872,-0.6772574738977882,0.6155536126122566,0.0,-0.5608931482986333,1.6102407640058545,-1.081189536636433,-0.6456119046169517,-1.4327438692131518,0.4800802638404857,0.7317087987574319,2.6740974446583152,0.3689965496923255,-1.0657570363012792,-0.8060674444935272,-0.8677950686030905,-1.1356471140519635,5,5
0.6265021396343907,1.791865302695647,0.290703512836744,0.7668220640675032,-0.2178938842811373,-0.384665412631285,-0.3251407742824914,2.6414770735222186,0.6694812381277973,-0.6265021396343906,-0.2857056092792496,0.6495796146201872,-0.6772574738977882,0.6155536126122566,0.0,-0.1402977550975339,-0.6210251425459281,-1.081189536636433,0.947661591571401,-0.0980351448157396,1.671227623657563,0.7317087987574319,0.3263852069803067,-0.2795663557408207,1.019965673688196,2.235804889470465,0.3816752050458676,-0.4251758136348733,5,5
-1.596163742686613,2.549611276761611,-0.988029696276909,0.7668220640675032,-0.2178938842811373,-0.384665412631285,-0.3251407742824914,2.6414770735222186,0.6694812381277973,-0.6265021396343906,-1.7213508772589663,0.6495796146201872,1.4765433214708537,0.6155536126122566,0.0,-0.5608931482986333,-0.6210251425459281,-1.081189536636433,-1.6239377356098,-0.6617875536883594,-0.2944274546247907,-0.7122783764284435,-1.3170133593942992,0.3689965496923255,-0.0228956813065416,0.714868722488469,-0.9764318285456152,-0.4251758136348733,5,5
0.6265021396343907,0.2763733545637191,-0.988029696276909,0.7668220640675032,-0.2178938842811373,-0.384665412631285,-0.3251407742824914,2.6414770735222186,0.6694812381277973,-0.6265021396343906,1.149939658700467,0.6495796146201872,1.4765433214708537,0.6155536126122566,0.0,-0.5608931482986333,1.6102407640058545,-1.081189536636433,-0.6456119046169517,-1.4246201251792423,1.0712887814267107,0.7317087987574319,-0.8474709118586976,0.3689965496923255,1.019965673688196,2.235804889470465,-0.9764318285456152,-0.4251758136348733,5,5
0.6265021396343907,0.2763733545637191,-0.3486630917200824,-1.5369072007480595,-0.2178938842811373,-0.384665412631285,-0.3251407742824914,2.6414770735222186,0.6694812381277973,-0.6265021396343906,1.149939658700467,0.6495796146201872,1.4765433214708537,0.6155536126122566,0.0,-0.1402977550975339,-0.6210251425459281,0.9249072120240708,-0.1704250724204255,-1.2301936676294936,0.1170747403400142,1.4537023863503695,0.3263852069803067,0.3689965496923255,-1.0657570363012792,0.2078900001611369,0.395469097646446,-1.1356471140519635,5,5
0.6265021396343907,0.2763733545637191,-0.3486630917200824,-1.5369072007480595,-0.2178938842811373,-0.384665412631285,-0.3251407742824914,2.6414770735222186,0.6694812381277973,-0.6265021396343906,-0.2857056092792496,0.6495796146201872,-0.6772574738977882,0.6155536126122566,0.0,-0.1402977550975339,-0.6210251425459281,-1.081189536636433,-0.0027120728216515,1.626971366472498,1.1259466363271156,1.4537023863503695,0.7959276545159084,0.3689965496923255,1.019965673688196,0.2078900001611369,0.395469097646446,-1.1356471140519635,5,5
0.6265021396343907,0.2763733545637191,0.290703512836744,0.7668220640675032,-0.2178938842811373,-0.384665412631285,-0.3251407742824914,2.6414770735222186,0.6694812381277973,-0.6265021396343906,-0.2857056092792496,0.6495796146201872,-0.6772574738977882,0.6155536126122566,0.0,-0.1402977550975339,1.6102407640058545,-1.081189536636433,1.7303222563656795,0.4095495816781316,0.5290752439653628,-1.434271964021381,1.2654701020515102,0.3689965496923255,-1.0657570363012792,-1.3130461668208593,0.395469097646446,-1.1356471140519635,5,5
0.6265021396343907,-1.2391185935682083,-0.3486630917200824,-1.5369072007480595,-0.2178938842811373,-0.384665412631285,-0.3251407742824914,2.6414770735222186,0.6694812381277973,-0.6265021396343906,1.149939658700467,-1.5394571773695604,-0.6772574738977882,-1.6245538642137904,0.0,-0.1402977550975339,-0.6210251425459281,0.9249072120240708,-0.1704250724204255,0.2828721530823016,0.914018001068962,0.0097152111644942,0.5611564307481076,0.3689965496923255,1.019965673688196,0.2078900001611369,-0.1566988558977039,-1.1356471140519635,5,5
0.6265021396343907,0.2763733545637191,1.5694367219503973,0.7668220640675032,-0.2178938842811373,-0.384665412631285,-0.3251407742824914,2.6414770735222186,-1.4936938379281517,1.596163742686613,-1.7213508772589663,-1.5394571773695604,1.4765433214708537,0.6155536126122566,0.0,-0.5608931482986333,-0.6210251425459281,0.9249072120240708,-0.0865685726210385,-0.5937014057410386,1.0845202333084023,1.4537023863503695,-0.3779284643230959,0.3689965496923255,-1.0657570363012792,-0.8060674444935272,0.395469097646446,-0.4251758136348733,5,5
0.6265021396343907,0.2763733545637191,-1.6273963008337355,0.7668220640675032,-0.2178938842811373,-0.384665412631285,-0.3251407742824914,2.6414770735222186,0.6694812381277973,-0.6265021396343906,1.149939658700467,0.6495796146201872,-0.6772574738977882,0.6155536126122566,0.0,-0.5608931482986333,-0.6210251425459281,0.9249072120240708,-0.869229237415317,1.28213895383202,0.9195205951115376,1.4537023863503695,-0.3779284643230959,0.3689965496923255,-0.0228956813065416,0.714868722488469,0.395469097646446,-1.1356471140519635,5,5
0.6265021396343907,0.2763733545637191,0.9300701173935708,0.7668220640675032,-0.2178938842811373,-0.384665412631285,-0.3251407742824914,2.6414770735222186,0.6694812381277973,-0.6265021396343906,1.149939658700467,0.6495796146201872,-0.6772574738977882,0.6155536126122566,0.0,-0.1402977550975339,1.6102407640058545,0.9249072120240708,0.4724747593748747,-0.7336169646018545,-0.0327020632233889,0.0097152111644942,-0.143157240555295,0.3689965496923255,-0.0228956813065416,-0.2990887221661951,0.395469097646446,-0.4251758136348733,5,5
0.6265021396343907,-1.2391185935682083,1.5694367219503973,0.7668220640675032,-0.2178938842811373,2.599661854596047,-0.3251407742824914,2.6414770735222186,0.6694812381277973,-0.6265021396343906,-1.7213508772589663,0.6495796146201872,-0.6772574738977882,0.6155536126122566,0.0,-0.1402977550975339,-0.6210251425459281,-1.081189536636433,0.0531922603779397,1.3540996645197532,-1.004932489681591,-0.7122783764284435,-0.143157240555295,0.3689965496923255,-1.0657570363012792,-0.8060674444935272,0.395469097646446,-1.1356471140519635,5,5
-1.596163742686613,1.791865302695647,-0.3486630917200824,0.7668220640675032,-0.2178938842811373,-0.384665412631285,-0.3251407742824914,2.6414770735222186,0.6694812381277973,-0.6265021396343906,-0.2857056092792496,0.6495796146201872,1.4765433214708537,0.6155536126122566,0.0,-0.5608931482986333,-0.6210251425459281,0.9249072120240708,-0.869229237415317,-0.8025031182060373,-0.0614709603298453,0.7317087987574319,-1.0822421356264984,0.3689965496923255,1.019965673688196,1.221847444815801,0.395469097646446,0.9957667871993072,5,5
0.6265021396343907,1.034119328629683,-0.3486630917200824,-1.5369072007480595,-0.2178938842811373,2.599661854596047,-0.3251407742824914,2.6414770735222186,0.6694812381277973,-0.6265021396343906,-0.2857056092792496,0.6495796146201872,-0.6772574738977882,0.6155536126122566,0.0,-0.1402977550975339,1.6102407640058545,0.9249072120240708,0.0531922603779397,-0.7336169646018545,-1.6891687355178897,0.0097152111644942,0.3263852069803067,0.3689965496923255,1.019965673688196,0.714868722488469,-0.2043257720065126,-0.4251758136348733,5,5
0.6265021396343907,-1.2391185935682083,0.9300701173935708,-1.5369072007480595,-0.2178938842811373,-0.384665412631285,-0.3251407742824914,2.6414770735222186,0.6694812381277973,-0.6265021396343906,1.149939658700467,-1.5394571773695604,-0.6772574738977882,-1.6245538642137904,0.0,-0.5608931482986333,1.6102407640058545,-1.081189536636433,1.7303222563656795,-1.4327438692131518,0.630518967807361,0.7317087987574319,1.0306988782837094,0.3689965496923255,1.019965673688196,0.2078900001611369,-0.2043257720065126,-1.1356471140519635,5,5
0.6265021396343907,1.034119328629683,-1.6273963008337355,-0.3850425683402782,-0.2178938842811373,-0.384665412631285,-0.3251407742824914,2.6414770735222186,0.6694812381277973,-0.6265021396343906,1.149939658700467,0.6495796146201872,-0.6772574738977882,0.6155536126122566,0.0,-0.5608931482986333,-0.6210251425459281,0.9249072120240708,-0.3660902386189951,1.3941551125699356,0.1360154250071114,-0.7122783764284435,0.0916139832125058,0.3689965496923255,-1.0657570363012792,-1.3130461668208593,0.395469097646446,0.9957667871993072,5,5
0.6265021396343907,-1.2391185935682083,2.208803326507224,0.7668220640675032,-0.2178938842811373,-0.384665412631285,-0.3251407742824914,2.6414770735222186,-1.4936938379281517,-0.6265021396343906,1.149939658700467,0.6495796146201872,-0.6772574738977882,0.6155536126122566,0.0,0.2802976381035655,-0.6210251425459281,0.9249072120240708,-0.0027120728216515,-0.6226896111271119,-0.5738130474458636,-0.7122783764284435,0.7959276545159084,0.3689965496923255,1.019965673688196,0.2078900001611369,0.395469097646446,-1.1356471140519635,5,5
